god,index,resource_name_icon,resource_name_combat,base_name_en,type,role,silhouette,gameplay_hint,theme_detected,nom_final_fr,surnom,description_courte,description_longue,details_bestiaire
APHRODITE,1,creature_aphrodite_basic_1_icon,creature_aphrodite_basic_1_combat,Spark Hound,basic,fast attacker,low triangular animal,quick dash attacks,,,,,,
APHRODITE,2,creature_aphrodite_basic_2_icon,creature_aphrodite_basic_2_combat,Cloud Jelly,basic,annoying floater,round floating with tentacles,slow constant damage,,,,,,
APHRODITE,3,creature_aphrodite_basic_3_icon,creature_aphrodite_basic_3_combat,Bolt Imp,basic,trickster,small spiky goblin,surprise attacks,,,,,,
APHRODITE,4,creature_aphrodite_basic_4_icon,creature_aphrodite_basic_4_combat,Volt Ram,basic,charger,ram head big horns,frontal charge,,,,,,
APHRODITE,5,creature_aphrodite_basic_5_icon,creature_aphrodite_basic_5_combat,Static Archer,elite,ranged,thin vertical humanoid,distance attacks,,,,,,
APHRODITE,6,creature_aphrodite_basic_6_icon,creature_aphrodite_basic_6_combat,Thunder Sentinel,elite,tank,massive square,absorbs damage,,,,,,
APHRODITE,7,creature_aphrodite_basic_7_icon,creature_aphrodite_basic_7_combat,Sky Serpent,elite,air control,long S shape,area attack,,,,,,
APHRODITE,8,creature_aphrodite_basic_8_icon,creature_aphrodite_basic_8_combat,Storm Bringer,elite,area mage,humanoid aura,zone damage,,,,,,
APHRODITE,9,creature_aphrodite_basic_9_icon,creature_aphrodite_basic_9_combat,Sky Tyrant,boss,dominant aerial,large wings V,pressure,,,,,,
APHRODITE,10,creature_aphrodite_basic_10_icon,creature_aphrodite_basic_10_combat,Divine Avatar,boss ultimate,final form,exploding humanoid,complex patterns,,,,,,
APHRODITE,11,creature_aphrodite_basic_11_icon,creature_aphrodite_basic_11_combat,,,,,,,,,,,
APHRODITE,12,creature_aphrodite_basic_12_icon,creature_aphrodite_basic_12_combat,,,,,,,,,,,
APHRODITE,13,creature_aphrodite_basic_13_icon,creature_aphrodite_basic_13_combat,,,,,,,,,,,
APHRODITE,14,creature_aphrodite_basic_14_icon,creature_aphrodite_basic_14_combat,,,,,,,,,,,
APHRODITE,15,creature_aphrodite_basic_15_icon,creature_aphrodite_basic_15_combat,,,,,,,,,,,
APHRODITE,16,creature_aphrodite_basic_16_icon,creature_aphrodite_basic_16_combat,,,,,,,,,,,
APHRODITE,17,creature_aphrodite_basic_17_icon,creature_aphrodite_basic_17_combat,,,,,,,,,,,
APHRODITE,18,creature_aphrodite_basic_18_icon,creature_aphrodite_basic_18_combat,,,,,,,,,,,
APHRODITE,19,creature_aphrodite_basic_19_icon,creature_aphrodite_basic_19_combat,,,,,,,,,,,
APHRODITE,20,creature_aphrodite_basic_20_icon,creature_aphrodite_basic_20_combat,,,,,,,,,,,
APHRODITE,21,creature_aphrodite_basic_21_icon,creature_aphrodite_basic_21_combat,,,,,,,,,,,
APHRODITE,22,creature_aphrodite_basic_22_icon,creature_aphrodite_basic_22_combat,,,,,,,,,,,
APHRODITE,23,creature_aphrodite_basic_23_icon,creature_aphrodite_basic_23_combat,,,,,,,,,,,
APHRODITE,24,creature_aphrodite_basic_24_icon,creature_aphrodite_basic_24_combat,,,,,,,,,,,
APHRODITE,25,creature_aphrodite_basic_25_icon,creature_aphrodite_basic_25_combat,,,,,,,,,,,
APHRODITE,26,creature_aphrodite_basic_26_icon,creature_aphrodite_basic_26_combat,,,,,,,,,,,
APHRODITE,27,creature_aphrodite_basic_27_icon,creature_aphrodite_basic_27_combat,,,,,,,,,,,
APHRODITE,28,creature_aphrodite_basic_28_icon,creature_aphrodite_basic_28_combat,,,,,,,,,,,
APHRODITE,29,creature_aphrodite_basic_29_icon,creature_aphrodite_basic_29_combat,,,,,,,,,,,
APHRODITE,30,creature_aphrodite_basic_30_icon,creature_aphrodite_basic_30_combat,,,,,,,,,,,
APHRODITE,31,creature_aphrodite_miniboss_1_icon,creature_aphrodite_miniboss_1_combat,,,,,,,,,,,
APHRODITE,32,creature_aphrodite_miniboss_2_icon,creature_aphrodite_miniboss_2_combat,,,,,,,,,,,
APHRODITE,33,creature_aphrodite_miniboss_3_icon,creature_aphrodite_miniboss_3_combat,,,,,,,,,,,
APHRODITE,34,creature_aphrodite_miniboss_4_icon,creature_aphrodite_miniboss_4_combat,,,,,,,,,,,
APHRODITE,35,creature_aphrodite_miniboss_5_icon,creature_aphrodite_miniboss_5_combat,,,,,,,,,,,
APHRODITE,36,creature_aphrodite_miniboss_6_icon,creature_aphrodite_miniboss_6_combat,,,,,,,,,,,
APHRODITE,37,creature_aphrodite_miniboss_7_icon,creature_aphrodite_miniboss_7_combat,,,,,,,,,,,
APHRODITE,38,creature_aphrodite_miniboss_8_icon,creature_aphrodite_miniboss_8_combat,,,,,,,,,,,
APHRODITE,39,creature_aphrodite_miniboss_9_icon,creature_aphrodite_miniboss_9_combat,,,,,,,,,,,
APHRODITE,40,creature_aphrodite_miniboss_10_icon,creature_aphrodite_miniboss_10_combat,,,,,,,,,,,
APHRODITE,41,creature_aphrodite_miniboss_11_icon,creature_aphrodite_miniboss_11_combat,,,,,,,,,,,
APHRODITE,42,creature_aphrodite_miniboss_12_icon,creature_aphrodite_miniboss_12_combat,,,,,,,,,,,
APHRODITE,43,creature_aphrodite_miniboss_13_icon,creature_aphrodite_miniboss_13_combat,,,,,,,,,,,
APHRODITE,44,creature_aphrodite_miniboss_14_icon,creature_aphrodite_miniboss_14_combat,,,,,,,,,,,
APHRODITE,45,creature_aphrodite_miniboss_15_icon,creature_aphrodite_miniboss_15_combat,,,,,,,,,,,
APHRODITE,46,creature_aphrodite_miniboss_16_icon,creature_aphrodite_miniboss_16_combat,,,,,,,,,,,
APHRODITE,47,creature_aphrodite_miniboss_17_icon,creature_aphrodite_miniboss_17_combat,,,,,,,,,,,
APHRODITE,48,creature_aphrodite_miniboss_18_icon,creature_aphrodite_miniboss_18_combat,,,,,,,,,,,
APHRODITE,49,creature_aphrodite_miniboss_19_icon,creature_aphrodite_miniboss_19_combat,,,,,,,,,,,
APHRODITE,50,creature_aphrodite_miniboss_20_icon,creature_aphrodite_miniboss_20_combat,,,,,,,,,,,
APHRODITE,51,creature_aphrodite_boss_1_icon,creature_aphrodite_boss_1_combat,,,,,,,,,,,
APHRODITE,52,creature_aphrodite_boss_2_icon,creature_aphrodite_boss_2_combat,,,,,,,,,,,
APHRODITE,53,creature_aphrodite_boss_3_icon,creature_aphrodite_boss_3_combat,,,,,,,,,,,
APHRODITE,54,creature_aphrodite_boss_4_icon,creature_aphrodite_boss_4_combat,,,,,,,,,,,
APHRODITE,55,creature_aphrodite_boss_5_icon,creature_aphrodite_boss_5_combat,,,,,,,,,,,
APHRODITE,56,creature_aphrodite_boss_6_icon,creature_aphrodite_boss_6_combat,,,,,,,,,,,
APHRODITE,57,creature_aphrodite_boss_7_icon,creature_aphrodite_boss_7_combat,,,,,,,,,,,
APHRODITE,58,creature_aphrodite_boss_8_icon,creature_aphrodite_boss_8_combat,,,,,,,,,,,
APHRODITE,59,creature_aphrodite_boss_9_icon,creature_aphrodite_boss_9_combat,,,,,,,,,,,
APHRODITE,60,creature_aphrodite_boss_10_icon,creature_aphrodite_boss_10_combat,,,,,,,,,,,
APHRODITE,61,creature_aphrodite_ultimate_easy_icon,creature_aphrodite_ultimate_easy_combat,,,,,,,,,,,
APHRODITE,62,creature_aphrodite_ultimate_hard_icon,creature_aphrodite_ultimate_hard_combat,,,,,,,,,,,
APOLLON,1,creature_apollon_basic_1_icon,creature_apollon_basic_1_combat,Spark Hound,basic,fast attacker,low triangular animal,quick dash attacks,,,,,,
APOLLON,2,creature_apollon_basic_2_icon,creature_apollon_basic_2_combat,Cloud Jelly,basic,annoying floater,round floating with tentacles,slow constant damage,,,,,,
APOLLON,3,creature_apollon_basic_3_icon,creature_apollon_basic_3_combat,Bolt Imp,basic,trickster,small spiky goblin,surprise attacks,,,,,,
APOLLON,4,creature_apollon_basic_4_icon,creature_apollon_basic_4_combat,Volt Ram,basic,charger,ram head big horns,frontal charge,,,,,,
APOLLON,5,creature_apollon_basic_5_icon,creature_apollon_basic_5_combat,Static Archer,elite,ranged,thin vertical humanoid,distance attacks,,,,,,
APOLLON,6,creature_apollon_basic_6_icon,creature_apollon_basic_6_combat,Thunder Sentinel,elite,tank,massive square,absorbs damage,,,,,,
APOLLON,7,creature_apollon_basic_7_icon,creature_apollon_basic_7_combat,Sky Serpent,elite,air control,long S shape,area attack,,,,,,
APOLLON,8,creature_apollon_basic_8_icon,creature_apollon_basic_8_combat,Storm Bringer,elite,area mage,humanoid aura,zone damage,,,,,,
APOLLON,9,creature_apollon_basic_9_icon,creature_apollon_basic_9_combat,Sky Tyrant,boss,dominant aerial,large wings V,pressure,,,,,,
APOLLON,10,creature_apollon_basic_10_icon,creature_apollon_basic_10_combat,Divine Avatar,boss ultimate,final form,exploding humanoid,complex patterns,,,,,,
APOLLON,11,creature_apollon_basic_11_icon,creature_apollon_basic_11_combat,,,,,,,,,,,
APOLLON,12,creature_apollon_basic_12_icon,creature_apollon_basic_12_combat,,,,,,,,,,,
APOLLON,13,creature_apollon_basic_13_icon,creature_apollon_basic_13_combat,,,,,,,,,,,
APOLLON,14,creature_apollon_basic_14_icon,creature_apollon_basic_14_combat,,,,,,,,,,,
APOLLON,15,creature_apollon_basic_15_icon,creature_apollon_basic_15_combat,,,,,,,,,,,
APOLLON,16,creature_apollon_basic_16_icon,creature_apollon_basic_16_combat,,,,,,,,,,,
APOLLON,17,creature_apollon_basic_17_icon,creature_apollon_basic_17_combat,,,,,,,,,,,
APOLLON,18,creature_apollon_basic_18_icon,creature_apollon_basic_18_combat,,,,,,,,,,,
APOLLON,19,creature_apollon_basic_19_icon,creature_apollon_basic_19_combat,,,,,,,,,,,
APOLLON,20,creature_apollon_basic_20_icon,creature_apollon_basic_20_combat,,,,,,,,,,,
APOLLON,21,creature_apollon_basic_21_icon,creature_apollon_basic_21_combat,,,,,,,,,,,
APOLLON,22,creature_apollon_basic_22_icon,creature_apollon_basic_22_combat,,,,,,,,,,,
APOLLON,23,creature_apollon_basic_23_icon,creature_apollon_basic_23_combat,,,,,,,,,,,
APOLLON,24,creature_apollon_basic_24_icon,creature_apollon_basic_24_combat,,,,,,,,,,,
APOLLON,25,creature_apollon_basic_25_icon,creature_apollon_basic_25_combat,,,,,,,,,,,
APOLLON,26,creature_apollon_basic_26_icon,creature_apollon_basic_26_combat,,,,,,,,,,,
APOLLON,27,creature_apollon_basic_27_icon,creature_apollon_basic_27_combat,,,,,,,,,,,
APOLLON,28,creature_apollon_basic_28_icon,creature_apollon_basic_28_combat,,,,,,,,,,,
APOLLON,29,creature_apollon_basic_29_icon,creature_apollon_basic_29_combat,,,,,,,,,,,
APOLLON,30,creature_apollon_basic_30_icon,creature_apollon_basic_30_combat,,,,,,,,,,,
APOLLON,31,creature_apollon_miniboss_1_icon,creature_apollon_miniboss_1_combat,,,,,,,,,,,
APOLLON,32,creature_apollon_miniboss_2_icon,creature_apollon_miniboss_2_combat,,,,,,,,,,,
APOLLON,33,creature_apollon_miniboss_3_icon,creature_apollon_miniboss_3_combat,,,,,,,,,,,
APOLLON,34,creature_apollon_miniboss_4_icon,creature_apollon_miniboss_4_combat,,,,,,,,,,,
APOLLON,35,creature_apollon_miniboss_5_icon,creature_apollon_miniboss_5_combat,,,,,,,,,,,
APOLLON,36,creature_apollon_miniboss_6_icon,creature_apollon_miniboss_6_combat,,,,,,,,,,,
APOLLON,37,creature_apollon_miniboss_7_icon,creature_apollon_miniboss_7_combat,,,,,,,,,,,
APOLLON,38,creature_apollon_miniboss_8_icon,creature_apollon_miniboss_8_combat,,,,,,,,,,,
APOLLON,39,creature_apollon_miniboss_9_icon,creature_apollon_miniboss_9_combat,,,,,,,,,,,
APOLLON,40,creature_apollon_miniboss_10_icon,creature_apollon_miniboss_10_combat,,,,,,,,,,,
APOLLON,41,creature_apollon_miniboss_11_icon,creature_apollon_miniboss_11_combat,,,,,,,,,,,
APOLLON,42,creature_apollon_miniboss_12_icon,creature_apollon_miniboss_12_combat,,,,,,,,,,,
APOLLON,43,creature_apollon_miniboss_13_icon,creature_apollon_miniboss_13_combat,,,,,,,,,,,
APOLLON,44,creature_apollon_miniboss_14_icon,creature_apollon_miniboss_14_combat,,,,,,,,,,,
APOLLON,45,creature_apollon_miniboss_15_icon,creature_apollon_miniboss_15_combat,,,,,,,,,,,
APOLLON,46,creature_apollon_miniboss_16_icon,creature_apollon_miniboss_16_combat,,,,,,,,,,,
APOLLON,47,creature_apollon_miniboss_17_icon,creature_apollon_miniboss_17_combat,,,,,,,,,,,
APOLLON,48,creature_apollon_miniboss_18_icon,creature_apollon_miniboss_18_combat,,,,,,,,,,,
APOLLON,49,creature_apollon_miniboss_19_icon,creature_apollon_miniboss_19_combat,,,,,,,,,,,
APOLLON,50,creature_apollon_miniboss_20_icon,creature_apollon_miniboss_20_combat,,,,,,,,,,,
APOLLON,51,creature_apollon_boss_1_icon,creature_apollon_boss_1_combat,,,,,,,,,,,
APOLLON,52,creature_apollon_boss_2_icon,creature_apollon_boss_2_combat,,,,,,,,,,,
APOLLON,53,creature_apollon_boss_3_icon,creature_apollon_boss_3_combat,,,,,,,,,,,
APOLLON,54,creature_apollon_boss_4_icon,creature_apollon_boss_4_combat,,,,,,,,,,,
APOLLON,55,creature_apollon_boss_5_icon,creature_apollon_boss_5_combat,,,,,,,,,,,
APOLLON,56,creature_apollon_boss_6_icon,creature_apollon_boss_6_combat,,,,,,,,,,,
APOLLON,57,creature_apollon_boss_7_icon,creature_apollon_boss_7_combat,,,,,,,,,,,
APOLLON,58,creature_apollon_boss_8_icon,creature_apollon_boss_8_combat,,,,,,,,,,,
APOLLON,59,creature_apollon_boss_9_icon,creature_apollon_boss_9_combat,,,,,,,,,,,
APOLLON,60,creature_apollon_boss_10_icon,creature_apollon_boss_10_combat,,,,,,,,,,,
APOLLON,61,creature_apollon_ultimate_easy_icon,creature_apollon_ultimate_easy_combat,,,,,,,,,,,
APOLLON,62,creature_apollon_ultimate_hard_icon,creature_apollon_ultimate_hard_combat,,,,,,,,,,,
ARES,1,creature_ares_basic_1_icon,creature_ares_basic_1_combat,Spark Hound,basic,fast attacker,low triangular animal,quick dash attacks,,,,,,
ARES,2,creature_ares_basic_2_icon,creature_ares_basic_2_combat,Cloud Jelly,basic,annoying floater,round floating with tentacles,slow constant damage,,,,,,
ARES,3,creature_ares_basic_3_icon,creature_ares_basic_3_combat,Bolt Imp,basic,trickster,small spiky goblin,surprise attacks,,,,,,
ARES,4,creature_ares_basic_4_icon,creature_ares_basic_4_combat,Volt Ram,basic,charger,ram head big horns,frontal charge,,,,,,
ARES,5,creature_ares_basic_5_icon,creature_ares_basic_5_combat,Static Archer,elite,ranged,thin vertical humanoid,distance attacks,,,,,,
ARES,6,creature_ares_basic_6_icon,creature_ares_basic_6_combat,Thunder Sentinel,elite,tank,massive square,absorbs damage,,,,,,
ARES,7,creature_ares_basic_7_icon,creature_ares_basic_7_combat,Sky Serpent,elite,air control,long S shape,area attack,,,,,,
ARES,8,creature_ares_basic_8_icon,creature_ares_basic_8_combat,Storm Bringer,elite,area mage,humanoid aura,zone damage,,,,,,
ARES,9,creature_ares_basic_9_icon,creature_ares_basic_9_combat,Sky Tyrant,boss,dominant aerial,large wings V,pressure,,,,,,
ARES,10,creature_ares_basic_10_icon,creature_ares_basic_10_combat,Divine Avatar,boss ultimate,final form,exploding humanoid,complex patterns,,,,,,
ARES,11,creature_ares_basic_11_icon,creature_ares_basic_11_combat,,,,,,,,,,,
ARES,12,creature_ares_basic_12_icon,creature_ares_basic_12_combat,,,,,,,,,,,
ARES,13,creature_ares_basic_13_icon,creature_ares_basic_13_combat,,,,,,,,,,,
ARES,14,creature_ares_basic_14_icon,creature_ares_basic_14_combat,,,,,,,,,,,
ARES,15,creature_ares_basic_15_icon,creature_ares_basic_15_combat,,,,,,,,,,,
ARES,16,creature_ares_basic_16_icon,creature_ares_basic_16_combat,,,,,,,,,,,
ARES,17,creature_ares_basic_17_icon,creature_ares_basic_17_combat,,,,,,,,,,,
ARES,18,creature_ares_basic_18_icon,creature_ares_basic_18_combat,,,,,,,,,,,
ARES,19,creature_ares_basic_19_icon,creature_ares_basic_19_combat,,,,,,,,,,,
ARES,20,creature_ares_basic_20_icon,creature_ares_basic_20_combat,,,,,,,,,,,
ARES,21,creature_ares_basic_21_icon,creature_ares_basic_21_combat,,,,,,,,,,,
ARES,22,creature_ares_basic_22_icon,creature_ares_basic_22_combat,,,,,,,,,,,
ARES,23,creature_ares_basic_23_icon,creature_ares_basic_23_combat,,,,,,,,,,,
ARES,24,creature_ares_basic_24_icon,creature_ares_basic_24_combat,,,,,,,,,,,
ARES,25,creature_ares_basic_25_icon,creature_ares_basic_25_combat,,,,,,,,,,,
ARES,26,creature_ares_basic_26_icon,creature_ares_basic_26_combat,,,,,,,,,,,
ARES,27,creature_ares_basic_27_icon,creature_ares_basic_27_combat,,,,,,,,,,,
ARES,28,creature_ares_basic_28_icon,creature_ares_basic_28_combat,,,,,,,,,,,
ARES,29,creature_ares_basic_29_icon,creature_ares_basic_29_combat,,,,,,,,,,,
ARES,30,creature_ares_basic_30_icon,creature_ares_basic_30_combat,,,,,,,,,,,
ARES,31,creature_ares_miniboss_1_icon,creature_ares_miniboss_1_combat,,,,,,,,,,,
ARES,32,creature_ares_miniboss_2_icon,creature_ares_miniboss_2_combat,,,,,,,,,,,
ARES,33,creature_ares_miniboss_3_icon,creature_ares_miniboss_3_combat,,,,,,,,,,,
ARES,34,creature_ares_miniboss_4_icon,creature_ares_miniboss_4_combat,,,,,,,,,,,
ARES,35,creature_ares_miniboss_5_icon,creature_ares_miniboss_5_combat,,,,,,,,,,,
ARES,36,creature_ares_miniboss_6_icon,creature_ares_miniboss_6_combat,,,,,,,,,,,
ARES,37,creature_ares_miniboss_7_icon,creature_ares_miniboss_7_combat,,,,,,,,,,,
ARES,38,creature_ares_miniboss_8_icon,creature_ares_miniboss_8_combat,,,,,,,,,,,
ARES,39,creature_ares_miniboss_9_icon,creature_ares_miniboss_9_combat,,,,,,,,,,,
ARES,40,creature_ares_miniboss_10_icon,creature_ares_miniboss_10_combat,,,,,,,,,,,
ARES,41,creature_ares_miniboss_11_icon,creature_ares_miniboss_11_combat,,,,,,,,,,,
ARES,42,creature_ares_miniboss_12_icon,creature_ares_miniboss_12_combat,,,,,,,,,,,
ARES,43,creature_ares_miniboss_13_icon,creature_ares_miniboss_13_combat,,,,,,,,,,,
ARES,44,creature_ares_miniboss_14_icon,creature_ares_miniboss_14_combat,,,,,,,,,,,
ARES,45,creature_ares_miniboss_15_icon,creature_ares_miniboss_15_combat,,,,,,,,,,,
ARES,46,creature_ares_miniboss_16_icon,creature_ares_miniboss_16_combat,,,,,,,,,,,
ARES,47,creature_ares_miniboss_17_icon,creature_ares_miniboss_17_combat,,,,,,,,,,,
ARES,48,creature_ares_miniboss_18_icon,creature_ares_miniboss_18_combat,,,,,,,,,,,
ARES,49,creature_ares_miniboss_19_icon,creature_ares_miniboss_19_combat,,,,,,,,,,,
ARES,50,creature_ares_miniboss_20_icon,creature_ares_miniboss_20_combat,,,,,,,,,,,
ARES,51,creature_ares_boss_1_icon,creature_ares_boss_1_combat,,,,,,,,,,,
ARES,52,creature_ares_boss_2_icon,creature_ares_boss_2_combat,,,,,,,,,,,
ARES,53,creature_ares_boss_3_icon,creature_ares_boss_3_combat,,,,,,,,,,,
ARES,54,creature_ares_boss_4_icon,creature_ares_boss_4_combat,,,,,,,,,,,
ARES,55,creature_ares_boss_5_icon,creature_ares_boss_5_combat,,,,,,,,,,,
ARES,56,creature_ares_boss_6_icon,creature_ares_boss_6_combat,,,,,,,,,,,
ARES,57,creature_ares_boss_7_icon,creature_ares_boss_7_combat,,,,,,,,,,,
ARES,58,creature_ares_boss_8_icon,creature_ares_boss_8_combat,,,,,,,,,,,
ARES,59,creature_ares_boss_9_icon,creature_ares_boss_9_combat,,,,,,,,,,,
ARES,60,creature_ares_boss_10_icon,creature_ares_boss_10_combat,,,,,,,,,,,
ARES,61,creature_ares_ultimate_easy_icon,creature_ares_ultimate_easy_combat,,,,,,,,,,,
ARES,62,creature_ares_ultimate_hard_icon,creature_ares_ultimate_hard_combat,,,,,,,,,,,
ATHENA,1,creature_athena_basic_1_icon,creature_athena_basic_1_combat,Spark Hound,basic,fast attacker,low triangular animal,quick dash attacks,,,,,,
ATHENA,2,creature_athena_basic_2_icon,creature_athena_basic_2_combat,Cloud Jelly,basic,annoying floater,round floating with tentacles,slow constant damage,,,,,,
ATHENA,3,creature_athena_basic_3_icon,creature_athena_basic_3_combat,Bolt Imp,basic,trickster,small spiky goblin,surprise attacks,,,,,,
ATHENA,4,creature_athena_basic_4_icon,creature_athena_basic_4_combat,Volt Ram,basic,charger,ram head big horns,frontal charge,,,,,,
ATHENA,5,creature_athena_basic_5_icon,creature_athena_basic_5_combat,Static Archer,elite,ranged,thin vertical humanoid,distance attacks,,,,,,
ATHENA,6,creature_athena_basic_6_icon,creature_athena_basic_6_combat,Thunder Sentinel,elite,tank,massive square,absorbs damage,,,,,,
ATHENA,7,creature_athena_basic_7_icon,creature_athena_basic_7_combat,Sky Serpent,elite,air control,long S shape,area attack,,,,,,
ATHENA,8,creature_athena_basic_8_icon,creature_athena_basic_8_combat,Storm Bringer,elite,area mage,humanoid aura,zone damage,,,,,,
ATHENA,9,creature_athena_basic_9_icon,creature_athena_basic_9_combat,Sky Tyrant,boss,dominant aerial,large wings V,pressure,,,,,,
ATHENA,10,creature_athena_basic_10_icon,creature_athena_basic_10_combat,Divine Avatar,boss ultimate,final form,exploding humanoid,complex patterns,,,,,,
ATHENA,11,creature_athena_basic_11_icon,creature_athena_basic_11_combat,,,,,,,,,,,
ATHENA,12,creature_athena_basic_12_icon,creature_athena_basic_12_combat,,,,,,,,,,,
ATHENA,13,creature_athena_basic_13_icon,creature_athena_basic_13_combat,,,,,,,,,,,
ATHENA,14,creature_athena_basic_14_icon,creature_athena_basic_14_combat,,,,,,,,,,,
ATHENA,15,creature_athena_basic_15_icon,creature_athena_basic_15_combat,,,,,,,,,,,
ATHENA,16,creature_athena_basic_16_icon,creature_athena_basic_16_combat,,,,,,,,,,,
ATHENA,17,creature_athena_basic_17_icon,creature_athena_basic_17_combat,,,,,,,,,,,
ATHENA,18,creature_athena_basic_18_icon,creature_athena_basic_18_combat,,,,,,,,,,,
ATHENA,19,creature_athena_basic_19_icon,creature_athena_basic_19_combat,,,,,,,,,,,
ATHENA,20,creature_athena_basic_20_icon,creature_athena_basic_20_combat,,,,,,,,,,,
ATHENA,21,creature_athena_basic_21_icon,creature_athena_basic_21_combat,,,,,,,,,,,
ATHENA,22,creature_athena_basic_22_icon,creature_athena_basic_22_combat,,,,,,,,,,,
ATHENA,23,creature_athena_basic_23_icon,creature_athena_basic_23_combat,,,,,,,,,,,
ATHENA,24,creature_athena_basic_24_icon,creature_athena_basic_24_combat,,,,,,,,,,,
ATHENA,25,creature_athena_basic_25_icon,creature_athena_basic_25_combat,,,,,,,,,,,
ATHENA,26,creature_athena_basic_26_icon,creature_athena_basic_26_combat,,,,,,,,,,,
ATHENA,27,creature_athena_basic_27_icon,creature_athena_basic_27_combat,,,,,,,,,,,
ATHENA,28,creature_athena_basic_28_icon,creature_athena_basic_28_combat,,,,,,,,,,,
ATHENA,29,creature_athena_basic_29_icon,creature_athena_basic_29_combat,,,,,,,,,,,
ATHENA,30,creature_athena_basic_30_icon,creature_athena_basic_30_combat,,,,,,,,,,,
ATHENA,31,creature_athena_miniboss_1_icon,creature_athena_miniboss_1_combat,,,,,,,,,,,
ATHENA,32,creature_athena_miniboss_2_icon,creature_athena_miniboss_2_combat,,,,,,,,,,,
ATHENA,33,creature_athena_miniboss_3_icon,creature_athena_miniboss_3_combat,,,,,,,,,,,
ATHENA,34,creature_athena_miniboss_4_icon,creature_athena_miniboss_4_combat,,,,,,,,,,,
ATHENA,35,creature_athena_miniboss_5_icon,creature_athena_miniboss_5_combat,,,,,,,,,,,
ATHENA,36,creature_athena_miniboss_6_icon,creature_athena_miniboss_6_combat,,,,,,,,,,,
ATHENA,37,creature_athena_miniboss_7_icon,creature_athena_miniboss_7_combat,,,,,,,,,,,
ATHENA,38,creature_athena_miniboss_8_icon,creature_athena_miniboss_8_combat,,,,,,,,,,,
ATHENA,39,creature_athena_miniboss_9_icon,creature_athena_miniboss_9_combat,,,,,,,,,,,
ATHENA,40,creature_athena_miniboss_10_icon,creature_athena_miniboss_10_combat,,,,,,,,,,,
ATHENA,41,creature_athena_miniboss_11_icon,creature_athena_miniboss_11_combat,,,,,,,,,,,
ATHENA,42,creature_athena_miniboss_12_icon,creature_athena_miniboss_12_combat,,,,,,,,,,,
ATHENA,43,creature_athena_miniboss_13_icon,creature_athena_miniboss_13_combat,,,,,,,,,,,
ATHENA,44,creature_athena_miniboss_14_icon,creature_athena_miniboss_14_combat,,,,,,,,,,,
ATHENA,45,creature_athena_miniboss_15_icon,creature_athena_miniboss_15_combat,,,,,,,,,,,
ATHENA,46,creature_athena_miniboss_16_icon,creature_athena_miniboss_16_combat,,,,,,,,,,,
ATHENA,47,creature_athena_miniboss_17_icon,creature_athena_miniboss_17_combat,,,,,,,,,,,
ATHENA,48,creature_athena_miniboss_18_icon,creature_athena_miniboss_18_combat,,,,,,,,,,,
ATHENA,49,creature_athena_miniboss_19_icon,creature_athena_miniboss_19_combat,,,,,,,,,,,
ATHENA,50,creature_athena_miniboss_20_icon,creature_athena_miniboss_20_combat,,,,,,,,,,,
ATHENA,51,creature_athena_boss_1_icon,creature_athena_boss_1_combat,,,,,,,,,,,
ATHENA,52,creature_athena_boss_2_icon,creature_athena_boss_2_combat,,,,,,,,,,,
ATHENA,53,creature_athena_boss_3_icon,creature_athena_boss_3_combat,,,,,,,,,,,
ATHENA,54,creature_athena_boss_4_icon,creature_athena_boss_4_combat,,,,,,,,,,,
ATHENA,55,creature_athena_boss_5_icon,creature_athena_boss_5_combat,,,,,,,,,,,
ATHENA,56,creature_athena_boss_6_icon,creature_athena_boss_6_combat,,,,,,,,,,,
ATHENA,57,creature_athena_boss_7_icon,creature_athena_boss_7_combat,,,,,,,,,,,
ATHENA,58,creature_athena_boss_8_icon,creature_athena_boss_8_combat,,,,,,,,,,,
ATHENA,59,creature_athena_boss_9_icon,creature_athena_boss_9_combat,,,,,,,,,,,
ATHENA,60,creature_athena_boss_10_icon,creature_athena_boss_10_combat,,,,,,,,,,,
ATHENA,61,creature_athena_ultimate_easy_icon,creature_athena_ultimate_easy_combat,,,,,,,,,,,
ATHENA,62,creature_athena_ultimate_hard_icon,creature_athena_ultimate_hard_combat,,,,,,,,,,,
DEMETER,1,creature_demeter_basic_1_icon,creature_demeter_basic_1_combat,Spark Hound,basic,fast attacker,low triangular animal,quick dash attacks,,,,,,
DEMETER,2,creature_demeter_basic_2_icon,creature_demeter_basic_2_combat,Cloud Jelly,basic,annoying floater,round floating with tentacles,slow constant damage,,,,,,
DEMETER,3,creature_demeter_basic_3_icon,creature_demeter_basic_3_combat,Bolt Imp,basic,trickster,small spiky goblin,surprise attacks,,,,,,
DEMETER,4,creature_demeter_basic_4_icon,creature_demeter_basic_4_combat,Volt Ram,basic,charger,ram head big horns,frontal charge,,,,,,
DEMETER,5,creature_demeter_basic_5_icon,creature_demeter_basic_5_combat,Static Archer,elite,ranged,thin vertical humanoid,distance attacks,,,,,,
DEMETER,6,creature_demeter_basic_6_icon,creature_demeter_basic_6_combat,Thunder Sentinel,elite,tank,massive square,absorbs damage,,,,,,
DEMETER,7,creature_demeter_basic_7_icon,creature_demeter_basic_7_combat,Sky Serpent,elite,air control,long S shape,area attack,,,,,,
DEMETER,8,creature_demeter_basic_8_icon,creature_demeter_basic_8_combat,Storm Bringer,elite,area mage,humanoid aura,zone damage,,,,,,
DEMETER,9,creature_demeter_basic_9_icon,creature_demeter_basic_9_combat,Sky Tyrant,boss,dominant aerial,large wings V,pressure,,,,,,
DEMETER,10,creature_demeter_basic_10_icon,creature_demeter_basic_10_combat,Divine Avatar,boss ultimate,final form,exploding humanoid,complex patterns,,,,,,
DEMETER,11,creature_demeter_basic_11_icon,creature_demeter_basic_11_combat,,,,,,,,,,,
DEMETER,12,creature_demeter_basic_12_icon,creature_demeter_basic_12_combat,,,,,,,,,,,
DEMETER,13,creature_demeter_basic_13_icon,creature_demeter_basic_13_combat,,,,,,,,,,,
DEMETER,14,creature_demeter_basic_14_icon,creature_demeter_basic_14_combat,,,,,,,,,,,
DEMETER,15,creature_demeter_basic_15_icon,creature_demeter_basic_15_combat,,,,,,,,,,,
DEMETER,16,creature_demeter_basic_16_icon,creature_demeter_basic_16_combat,,,,,,,,,,,
DEMETER,17,creature_demeter_basic_17_icon,creature_demeter_basic_17_combat,,,,,,,,,,,
DEMETER,18,creature_demeter_basic_18_icon,creature_demeter_basic_18_combat,,,,,,,,,,,
DEMETER,19,creature_demeter_basic_19_icon,creature_demeter_basic_19_combat,,,,,,,,,,,
DEMETER,20,creature_demeter_basic_20_icon,creature_demeter_basic_20_combat,,,,,,,,,,,
DEMETER,21,creature_demeter_basic_21_icon,creature_demeter_basic_21_combat,,,,,,,,,,,
DEMETER,22,creature_demeter_basic_22_icon,creature_demeter_basic_22_combat,,,,,,,,,,,
DEMETER,23,creature_demeter_basic_23_icon,creature_demeter_basic_23_combat,,,,,,,,,,,
DEMETER,24,creature_demeter_basic_24_icon,creature_demeter_basic_24_combat,,,,,,,,,,,
DEMETER,25,creature_demeter_basic_25_icon,creature_demeter_basic_25_combat,,,,,,,,,,,
DEMETER,26,creature_demeter_basic_26_icon,creature_demeter_basic_26_combat,,,,,,,,,,,
DEMETER,27,creature_demeter_basic_27_icon,creature_demeter_basic_27_combat,,,,,,,,,,,
DEMETER,28,creature_demeter_basic_28_icon,creature_demeter_basic_28_combat,,,,,,,,,,,
DEMETER,29,creature_demeter_basic_29_icon,creature_demeter_basic_29_combat,,,,,,,,,,,
DEMETER,30,creature_demeter_basic_30_icon,creature_demeter_basic_30_combat,,,,,,,,,,,
DEMETER,31,creature_demeter_miniboss_1_icon,creature_demeter_miniboss_1_combat,,,,,,,,,,,
DEMETER,32,creature_demeter_miniboss_2_icon,creature_demeter_miniboss_2_combat,,,,,,,,,,,
DEMETER,33,creature_demeter_miniboss_3_icon,creature_demeter_miniboss_3_combat,,,,,,,,,,,
DEMETER,34,creature_demeter_miniboss_4_icon,creature_demeter_miniboss_4_combat,,,,,,,,,,,
DEMETER,35,creature_demeter_miniboss_5_icon,creature_demeter_miniboss_5_combat,,,,,,,,,,,
DEMETER,36,creature_demeter_miniboss_6_icon,creature_demeter_miniboss_6_combat,,,,,,,,,,,
DEMETER,37,creature_demeter_miniboss_7_icon,creature_demeter_miniboss_7_combat,,,,,,,,,,,
DEMETER,38,creature_demeter_miniboss_8_icon,creature_demeter_miniboss_8_combat,,,,,,,,,,,
DEMETER,39,creature_demeter_miniboss_9_icon,creature_demeter_miniboss_9_combat,,,,,,,,,,,
DEMETER,40,creature_demeter_miniboss_10_icon,creature_demeter_miniboss_10_combat,,,,,,,,,,,
DEMETER,41,creature_demeter_miniboss_11_icon,creature_demeter_miniboss_11_combat,,,,,,,,,,,
DEMETER,42,creature_demeter_miniboss_12_icon,creature_demeter_miniboss_12_combat,,,,,,,,,,,
DEMETER,43,creature_demeter_miniboss_13_icon,creature_demeter_miniboss_13_combat,,,,,,,,,,,
DEMETER,44,creature_demeter_miniboss_14_icon,creature_demeter_miniboss_14_combat,,,,,,,,,,,
DEMETER,45,creature_demeter_miniboss_15_icon,creature_demeter_miniboss_15_combat,,,,,,,,,,,
DEMETER,46,creature_demeter_miniboss_16_icon,creature_demeter_miniboss_16_combat,,,,,,,,,,,
DEMETER,47,creature_demeter_miniboss_17_icon,creature_demeter_miniboss_17_combat,,,,,,,,,,,
DEMETER,48,creature_demeter_miniboss_18_icon,creature_demeter_miniboss_18_combat,,,,,,,,,,,
DEMETER,49,creature_demeter_miniboss_19_icon,creature_demeter_miniboss_19_combat,,,,,,,,,,,
DEMETER,50,creature_demeter_miniboss_20_icon,creature_demeter_miniboss_20_combat,,,,,,,,,,,
DEMETER,51,creature_demeter_boss_1_icon,creature_demeter_boss_1_combat,,,,,,,,,,,
DEMETER,52,creature_demeter_boss_2_icon,creature_demeter_boss_2_combat,,,,,,,,,,,
DEMETER,53,creature_demeter_boss_3_icon,creature_demeter_boss_3_combat,,,,,,,,,,,
DEMETER,54,creature_demeter_boss_4_icon,creature_demeter_boss_4_combat,,,,,,,,,,,
DEMETER,55,creature_demeter_boss_5_icon,creature_demeter_boss_5_combat,,,,,,,,,,,
DEMETER,56,creature_demeter_boss_6_icon,creature_demeter_boss_6_combat,,,,,,,,,,,
DEMETER,57,creature_demeter_boss_7_icon,creature_demeter_boss_7_combat,,,,,,,,,,,
DEMETER,58,creature_demeter_boss_8_icon,creature_demeter_boss_8_combat,,,,,,,,,,,
DEMETER,59,creature_demeter_boss_9_icon,creature_demeter_boss_9_combat,,,,,,,,,,,
DEMETER,60,creature_demeter_boss_10_icon,creature_demeter_boss_10_combat,,,,,,,,,,,
DEMETER,61,creature_demeter_ultimate_easy_icon,creature_demeter_ultimate_easy_combat,,,,,,,,,,,
DEMETER,62,creature_demeter_ultimate_hard_icon,creature_demeter_ultimate_hard_combat,,,,,,,,,,,
HEPHAISTOS,1,creature_hephaistos_basic_1_icon,creature_hephaistos_basic_1_combat,Spark Hound,basic,fast attacker,low triangular animal,quick dash attacks,,,,,,
HEPHAISTOS,2,creature_hephaistos_basic_2_icon,creature_hephaistos_basic_2_combat,Cloud Jelly,basic,annoying floater,round floating with tentacles,slow constant damage,,,,,,
HEPHAISTOS,3,creature_hephaistos_basic_3_icon,creature_hephaistos_basic_3_combat,Bolt Imp,basic,trickster,small spiky goblin,surprise attacks,,,,,,
HEPHAISTOS,4,creature_hephaistos_basic_4_icon,creature_hephaistos_basic_4_combat,Volt Ram,basic,charger,ram head big horns,frontal charge,,,,,,
HEPHAISTOS,5,creature_hephaistos_basic_5_icon,creature_hephaistos_basic_5_combat,Static Archer,elite,ranged,thin vertical humanoid,distance attacks,,,,,,
HEPHAISTOS,6,creature_hephaistos_basic_6_icon,creature_hephaistos_basic_6_combat,Thunder Sentinel,elite,tank,massive square,absorbs damage,,,,,,
HEPHAISTOS,7,creature_hephaistos_basic_7_icon,creature_hephaistos_basic_7_combat,Sky Serpent,elite,air control,long S shape,area attack,,,,,,
HEPHAISTOS,8,creature_hephaistos_basic_8_icon,creature_hephaistos_basic_8_combat,Storm Bringer,elite,area mage,humanoid aura,zone damage,,,,,,
HEPHAISTOS,9,creature_hephaistos_basic_9_icon,creature_hephaistos_basic_9_combat,Sky Tyrant,boss,dominant aerial,large wings V,pressure,,,,,,
HEPHAISTOS,10,creature_hephaistos_basic_10_icon,creature_hephaistos_basic_10_combat,Divine Avatar,boss ultimate,final form,exploding humanoid,complex patterns,,,,,,
HEPHAISTOS,11,creature_hephaistos_basic_11_icon,creature_hephaistos_basic_11_combat,,,,,,,,,,,
HEPHAISTOS,12,creature_hephaistos_basic_12_icon,creature_hephaistos_basic_12_combat,,,,,,,,,,,
HEPHAISTOS,13,creature_hephaistos_basic_13_icon,creature_hephaistos_basic_13_combat,,,,,,,,,,,
HEPHAISTOS,14,creature_hephaistos_basic_14_icon,creature_hephaistos_basic_14_combat,,,,,,,,,,,
HEPHAISTOS,15,creature_hephaistos_basic_15_icon,creature_hephaistos_basic_15_combat,,,,,,,,,,,
HEPHAISTOS,16,creature_hephaistos_basic_16_icon,creature_hephaistos_basic_16_combat,,,,,,,,,,,
HEPHAISTOS,17,creature_hephaistos_basic_17_icon,creature_hephaistos_basic_17_combat,,,,,,,,,,,
HEPHAISTOS,18,creature_hephaistos_basic_18_icon,creature_hephaistos_basic_18_combat,,,,,,,,,,,
HEPHAISTOS,19,creature_hephaistos_basic_19_icon,creature_hephaistos_basic_19_combat,,,,,,,,,,,
HEPHAISTOS,20,creature_hephaistos_basic_20_icon,creature_hephaistos_basic_20_combat,,,,,,,,,,,
HEPHAISTOS,21,creature_hephaistos_basic_21_icon,creature_hephaistos_basic_21_combat,,,,,,,,,,,
HEPHAISTOS,22,creature_hephaistos_basic_22_icon,creature_hephaistos_basic_22_combat,,,,,,,,,,,
HEPHAISTOS,23,creature_hephaistos_basic_23_icon,creature_hephaistos_basic_23_combat,,,,,,,,,,,
HEPHAISTOS,24,creature_hephaistos_basic_24_icon,creature_hephaistos_basic_24_combat,,,,,,,,,,,
HEPHAISTOS,25,creature_hephaistos_basic_25_icon,creature_hephaistos_basic_25_combat,,,,,,,,,,,
HEPHAISTOS,26,creature_hephaistos_basic_26_icon,creature_hephaistos_basic_26_combat,,,,,,,,,,,
HEPHAISTOS,27,creature_hephaistos_basic_27_icon,creature_hephaistos_basic_27_combat,,,,,,,,,,,
HEPHAISTOS,28,creature_hephaistos_basic_28_icon,creature_hephaistos_basic_28_combat,,,,,,,,,,,
HEPHAISTOS,29,creature_hephaistos_basic_29_icon,creature_hephaistos_basic_29_combat,,,,,,,,,,,
HEPHAISTOS,30,creature_hephaistos_basic_30_icon,creature_hephaistos_basic_30_combat,,,,,,,,,,,
HEPHAISTOS,31,creature_hephaistos_miniboss_1_icon,creature_hephaistos_miniboss_1_combat,,,,,,,,,,,
HEPHAISTOS,32,creature_hephaistos_miniboss_2_icon,creature_hephaistos_miniboss_2_combat,,,,,,,,,,,
HEPHAISTOS,33,creature_hephaistos_miniboss_3_icon,creature_hephaistos_miniboss_3_combat,,,,,,,,,,,
HEPHAISTOS,34,creature_hephaistos_miniboss_4_icon,creature_hephaistos_miniboss_4_combat,,,,,,,,,,,
HEPHAISTOS,35,creature_hephaistos_miniboss_5_icon,creature_hephaistos_miniboss_5_combat,,,,,,,,,,,
HEPHAISTOS,36,creature_hephaistos_miniboss_6_icon,creature_hephaistos_miniboss_6_combat,,,,,,,,,,,
HEPHAISTOS,37,creature_hephaistos_miniboss_7_icon,creature_hephaistos_miniboss_7_combat,,,,,,,,,,,
HEPHAISTOS,38,creature_hephaistos_miniboss_8_icon,creature_hephaistos_miniboss_8_combat,,,,,,,,,,,
HEPHAISTOS,39,creature_hephaistos_miniboss_9_icon,creature_hephaistos_miniboss_9_combat,,,,,,,,,,,
HEPHAISTOS,40,creature_hephaistos_miniboss_10_icon,creature_hephaistos_miniboss_10_combat,,,,,,,,,,,
HEPHAISTOS,41,creature_hephaistos_miniboss_11_icon,creature_hephaistos_miniboss_11_combat,,,,,,,,,,,
HEPHAISTOS,42,creature_hephaistos_miniboss_12_icon,creature_hephaistos_miniboss_12_combat,,,,,,,,,,,
HEPHAISTOS,43,creature_hephaistos_miniboss_13_icon,creature_hephaistos_miniboss_13_combat,,,,,,,,,,,
HEPHAISTOS,44,creature_hephaistos_miniboss_14_icon,creature_hephaistos_miniboss_14_combat,,,,,,,,,,,
HEPHAISTOS,45,creature_hephaistos_miniboss_15_icon,creature_hephaistos_miniboss_15_combat,,,,,,,,,,,
HEPHAISTOS,46,creature_hephaistos_miniboss_16_icon,creature_hephaistos_miniboss_16_combat,,,,,,,,,,,
HEPHAISTOS,47,creature_hephaistos_miniboss_17_icon,creature_hephaistos_miniboss_17_combat,,,,,,,,,,,
HEPHAISTOS,48,creature_hephaistos_miniboss_18_icon,creature_hephaistos_miniboss_18_combat,,,,,,,,,,,
HEPHAISTOS,49,creature_hephaistos_miniboss_19_icon,creature_hephaistos_miniboss_19_combat,,,,,,,,,,,
HEPHAISTOS,50,creature_hephaistos_miniboss_20_icon,creature_hephaistos_miniboss_20_combat,,,,,,,,,,,
HEPHAISTOS,51,creature_hephaistos_boss_1_icon,creature_hephaistos_boss_1_combat,,,,,,,,,,,
HEPHAISTOS,52,creature_hephaistos_boss_2_icon,creature_hephaistos_boss_2_combat,,,,,,,,,,,
HEPHAISTOS,53,creature_hephaistos_boss_3_icon,creature_hephaistos_boss_3_combat,,,,,,,,,,,
HEPHAISTOS,54,creature_hephaistos_boss_4_icon,creature_hephaistos_boss_4_combat,,,,,,,,,,,
HEPHAISTOS,55,creature_hephaistos_boss_5_icon,creature_hephaistos_boss_5_combat,,,,,,,,,,,
HEPHAISTOS,56,creature_hephaistos_boss_6_icon,creature_hephaistos_boss_6_combat,,,,,,,,,,,
HEPHAISTOS,57,creature_hephaistos_boss_7_icon,creature_hephaistos_boss_7_combat,,,,,,,,,,,
HEPHAISTOS,58,creature_hephaistos_boss_8_icon,creature_hephaistos_boss_8_combat,,,,,,,,,,,
HEPHAISTOS,59,creature_hephaistos_boss_9_icon,creature_hephaistos_boss_9_combat,,,,,,,,,,,
HEPHAISTOS,60,creature_hephaistos_boss_10_icon,creature_hephaistos_boss_10_combat,,,,,,,,,,,
HEPHAISTOS,61,creature_hephaistos_ultimate_easy_icon,creature_hephaistos_ultimate_easy_combat,,,,,,,,,,,
HEPHAISTOS,62,creature_hephaistos_ultimate_hard_icon,creature_hephaistos_ultimate_hard_combat,,,,,,,,,,,
HERMES,1,creature_hermes_basic_1_icon,creature_hermes_basic_1_combat,Spark Hound,basic,fast attacker,low triangular animal,quick dash attacks,,,,,,
HERMES,2,creature_hermes_basic_2_icon,creature_hermes_basic_2_combat,Cloud Jelly,basic,annoying floater,round floating with tentacles,slow constant damage,,,,,,
HERMES,3,creature_hermes_basic_3_icon,creature_hermes_basic_3_combat,Bolt Imp,basic,trickster,small spiky goblin,surprise attacks,,,,,,
HERMES,4,creature_hermes_basic_4_icon,creature_hermes_basic_4_combat,Volt Ram,basic,charger,ram head big horns,frontal charge,,,,,,
HERMES,5,creature_hermes_basic_5_icon,creature_hermes_basic_5_combat,Static Archer,elite,ranged,thin vertical humanoid,distance attacks,,,,,,
HERMES,6,creature_hermes_basic_6_icon,creature_hermes_basic_6_combat,Thunder Sentinel,elite,tank,massive square,absorbs damage,,,,,,
HERMES,7,creature_hermes_basic_7_icon,creature_hermes_basic_7_combat,Sky Serpent,elite,air control,long S shape,area attack,,,,,,
HERMES,8,creature_hermes_basic_8_icon,creature_hermes_basic_8_combat,Storm Bringer,elite,area mage,humanoid aura,zone damage,,,,,,
HERMES,9,creature_hermes_basic_9_icon,creature_hermes_basic_9_combat,Sky Tyrant,boss,dominant aerial,large wings V,pressure,,,,,,
HERMES,10,creature_hermes_basic_10_icon,creature_hermes_basic_10_combat,Divine Avatar,boss ultimate,final form,exploding humanoid,complex patterns,,,,,,
HERMES,11,creature_hermes_basic_11_icon,creature_hermes_basic_11_combat,,,,,,,,,,,
HERMES,12,creature_hermes_basic_12_icon,creature_hermes_basic_12_combat,,,,,,,,,,,
HERMES,13,creature_hermes_basic_13_icon,creature_hermes_basic_13_combat,,,,,,,,,,,
HERMES,14,creature_hermes_basic_14_icon,creature_hermes_basic_14_combat,,,,,,,,,,,
HERMES,15,creature_hermes_basic_15_icon,creature_hermes_basic_15_combat,,,,,,,,,,,
HERMES,16,creature_hermes_basic_16_icon,creature_hermes_basic_16_combat,,,,,,,,,,,
HERMES,17,creature_hermes_basic_17_icon,creature_hermes_basic_17_combat,,,,,,,,,,,
HERMES,18,creature_hermes_basic_18_icon,creature_hermes_basic_18_combat,,,,,,,,,,,
HERMES,19,creature_hermes_basic_19_icon,creature_hermes_basic_19_combat,,,,,,,,,,,
HERMES,20,creature_hermes_basic_20_icon,creature_hermes_basic_20_combat,,,,,,,,,,,
HERMES,21,creature_hermes_basic_21_icon,creature_hermes_basic_21_combat,,,,,,,,,,,
HERMES,22,creature_hermes_basic_22_icon,creature_hermes_basic_22_combat,,,,,,,,,,,
HERMES,23,creature_hermes_basic_23_icon,creature_hermes_basic_23_combat,,,,,,,,,,,
HERMES,24,creature_hermes_basic_24_icon,creature_hermes_basic_24_combat,,,,,,,,,,,
HERMES,25,creature_hermes_basic_25_icon,creature_hermes_basic_25_combat,,,,,,,,,,,
HERMES,26,creature_hermes_basic_26_icon,creature_hermes_basic_26_combat,,,,,,,,,,,
HERMES,27,creature_hermes_basic_27_icon,creature_hermes_basic_27_combat,,,,,,,,,,,
HERMES,28,creature_hermes_basic_28_icon,creature_hermes_basic_28_combat,,,,,,,,,,,
HERMES,29,creature_hermes_basic_29_icon,creature_hermes_basic_29_combat,,,,,,,,,,,
HERMES,30,creature_hermes_basic_30_icon,creature_hermes_basic_30_combat,,,,,,,,,,,
HERMES,31,creature_hermes_miniboss_1_icon,creature_hermes_miniboss_1_combat,,,,,,,,,,,
HERMES,32,creature_hermes_miniboss_2_icon,creature_hermes_miniboss_2_combat,,,,,,,,,,,
HERMES,33,creature_hermes_miniboss_3_icon,creature_hermes_miniboss_3_combat,,,,,,,,,,,
HERMES,34,creature_hermes_miniboss_4_icon,creature_hermes_miniboss_4_combat,,,,,,,,,,,
HERMES,35,creature_hermes_miniboss_5_icon,creature_hermes_miniboss_5_combat,,,,,,,,,,,
HERMES,36,creature_hermes_miniboss_6_icon,creature_hermes_miniboss_6_combat,,,,,,,,,,,
HERMES,37,creature_hermes_miniboss_7_icon,creature_hermes_miniboss_7_combat,,,,,,,,,,,
HERMES,38,creature_hermes_miniboss_8_icon,creature_hermes_miniboss_8_combat,,,,,,,,,,,
HERMES,39,creature_hermes_miniboss_9_icon,creature_hermes_miniboss_9_combat,,,,,,,,,,,
HERMES,40,creature_hermes_miniboss_10_icon,creature_hermes_miniboss_10_combat,,,,,,,,,,,
HERMES,41,creature_hermes_miniboss_11_icon,creature_hermes_miniboss_11_combat,,,,,,,,,,,
HERMES,42,creature_hermes_miniboss_12_icon,creature_hermes_miniboss_12_combat,,,,,,,,,,,
HERMES,43,creature_hermes_miniboss_13_icon,creature_hermes_miniboss_13_combat,,,,,,,,,,,
HERMES,44,creature_hermes_miniboss_14_icon,creature_hermes_miniboss_14_combat,,,,,,,,,,,
HERMES,45,creature_hermes_miniboss_15_icon,creature_hermes_miniboss_15_combat,,,,,,,,,,,
HERMES,46,creature_hermes_miniboss_16_icon,creature_hermes_miniboss_16_combat,,,,,,,,,,,
HERMES,47,creature_hermes_miniboss_17_icon,creature_hermes_miniboss_17_combat,,,,,,,,,,,
HERMES,48,creature_hermes_miniboss_18_icon,creature_hermes_miniboss_18_combat,,,,,,,,,,,
HERMES,49,creature_hermes_miniboss_19_icon,creature_hermes_miniboss_19_combat,,,,,,,,,,,
HERMES,50,creature_hermes_miniboss_20_icon,creature_hermes_miniboss_20_combat,,,,,,,,,,,
HERMES,51,creature_hermes_boss_1_icon,creature_hermes_boss_1_combat,,,,,,,,,,,
HERMES,52,creature_hermes_boss_2_icon,creature_hermes_boss_2_combat,,,,,,,,,,,
HERMES,53,creature_hermes_boss_3_icon,creature_hermes_boss_3_combat,,,,,,,,,,,
HERMES,54,creature_hermes_boss_4_icon,creature_hermes_boss_4_combat,,,,,,,,,,,
HERMES,55,creature_hermes_boss_5_icon,creature_hermes_boss_5_combat,,,,,,,,,,,
HERMES,56,creature_hermes_boss_6_icon,creature_hermes_boss_6_combat,,,,,,,,,,,
HERMES,57,creature_hermes_boss_7_icon,creature_hermes_boss_7_combat,,,,,,,,,,,
HERMES,58,creature_hermes_boss_8_icon,creature_hermes_boss_8_combat,,,,,,,,,,,
HERMES,59,creature_hermes_boss_9_icon,creature_hermes_boss_9_combat,,,,,,,,,,,
HERMES,60,creature_hermes_boss_10_icon,creature_hermes_boss_10_combat,,,,,,,,,,,
HERMES,61,creature_hermes_ultimate_easy_icon,creature_hermes_ultimate_easy_combat,,,,,,,,,,,
HERMES,62,creature_hermes_ultimate_hard_icon,creature_hermes_ultimate_hard_combat,,,,,,,,,,,
POSEIDON,1,creature_poseidon_basic_1_icon,creature_poseidon_basic_1_combat,Spark Hound,basic,fast attacker,low triangular animal,quick dash attacks,,,,,,
POSEIDON,2,creature_poseidon_basic_2_icon,creature_poseidon_basic_2_combat,Cloud Jelly,basic,annoying floater,round floating with tentacles,slow constant damage,,,,,,
POSEIDON,3,creature_poseidon_basic_3_icon,creature_poseidon_basic_3_combat,Bolt Imp,basic,trickster,small spiky goblin,surprise attacks,,,,,,
POSEIDON,4,creature_poseidon_basic_4_icon,creature_poseidon_basic_4_combat,Volt Ram,basic,charger,ram head big horns,frontal charge,,,,,,
POSEIDON,5,creature_poseidon_basic_5_icon,creature_poseidon_basic_5_combat,Static Archer,elite,ranged,thin vertical humanoid,distance attacks,,,,,,
POSEIDON,6,creature_poseidon_basic_6_icon,creature_poseidon_basic_6_combat,Thunder Sentinel,elite,tank,massive square,absorbs damage,,,,,,
POSEIDON,7,creature_poseidon_basic_7_icon,creature_poseidon_basic_7_combat,Sky Serpent,elite,air control,long S shape,area attack,,,,,,
POSEIDON,8,creature_poseidon_basic_8_icon,creature_poseidon_basic_8_combat,Storm Bringer,elite,area mage,humanoid aura,zone damage,,,,,,
POSEIDON,9,creature_poseidon_basic_9_icon,creature_poseidon_basic_9_combat,Sky Tyrant,boss,dominant aerial,large wings V,pressure,,,,,,
POSEIDON,10,creature_poseidon_basic_10_icon,creature_poseidon_basic_10_combat,Divine Avatar,boss ultimate,final form,exploding humanoid,complex patterns,,,,,,
POSEIDON,11,creature_poseidon_basic_11_icon,creature_poseidon_basic_11_combat,,,,,,,,,,,
POSEIDON,12,creature_poseidon_basic_12_icon,creature_poseidon_basic_12_combat,,,,,,,,,,,
POSEIDON,13,creature_poseidon_basic_13_icon,creature_poseidon_basic_13_combat,,,,,,,,,,,
POSEIDON,14,creature_poseidon_basic_14_icon,creature_poseidon_basic_14_combat,,,,,,,,,,,
POSEIDON,15,creature_poseidon_basic_15_icon,creature_poseidon_basic_15_combat,,,,,,,,,,,
POSEIDON,16,creature_poseidon_basic_16_icon,creature_poseidon_basic_16_combat,,,,,,,,,,,
POSEIDON,17,creature_poseidon_basic_17_icon,creature_poseidon_basic_17_combat,,,,,,,,,,,
POSEIDON,18,creature_poseidon_basic_18_icon,creature_poseidon_basic_18_combat,,,,,,,,,,,
POSEIDON,19,creature_poseidon_basic_19_icon,creature_poseidon_basic_19_combat,,,,,,,,,,,
POSEIDON,20,creature_poseidon_basic_20_icon,creature_poseidon_basic_20_combat,,,,,,,,,,,
POSEIDON,21,creature_poseidon_basic_21_icon,creature_poseidon_basic_21_combat,,,,,,,,,,,
POSEIDON,22,creature_poseidon_basic_22_icon,creature_poseidon_basic_22_combat,,,,,,,,,,,
POSEIDON,23,creature_poseidon_basic_23_icon,creature_poseidon_basic_23_combat,,,,,,,,,,,
POSEIDON,24,creature_poseidon_basic_24_icon,creature_poseidon_basic_24_combat,,,,,,,,,,,
POSEIDON,25,creature_poseidon_basic_25_icon,creature_poseidon_basic_25_combat,,,,,,,,,,,
POSEIDON,26,creature_poseidon_basic_26_icon,creature_poseidon_basic_26_combat,,,,,,,,,,,
POSEIDON,27,creature_poseidon_basic_27_icon,creature_poseidon_basic_27_combat,,,,,,,,,,,
POSEIDON,28,creature_poseidon_basic_28_icon,creature_poseidon_basic_28_combat,,,,,,,,,,,
POSEIDON,29,creature_poseidon_basic_29_icon,creature_poseidon_basic_29_combat,,,,,,,,,,,
POSEIDON,30,creature_poseidon_basic_30_icon,creature_poseidon_basic_30_combat,,,,,,,,,,,
POSEIDON,31,creature_poseidon_miniboss_1_icon,creature_poseidon_miniboss_1_combat,,,,,,,,,,,
POSEIDON,32,creature_poseidon_miniboss_2_icon,creature_poseidon_miniboss_2_combat,,,,,,,,,,,
POSEIDON,33,creature_poseidon_miniboss_3_icon,creature_poseidon_miniboss_3_combat,,,,,,,,,,,
POSEIDON,34,creature_poseidon_miniboss_4_icon,creature_poseidon_miniboss_4_combat,,,,,,,,,,,
POSEIDON,35,creature_poseidon_miniboss_5_icon,creature_poseidon_miniboss_5_combat,,,,,,,,,,,
POSEIDON,36,creature_poseidon_miniboss_6_icon,creature_poseidon_miniboss_6_combat,,,,,,,,,,,
POSEIDON,37,creature_poseidon_miniboss_7_icon,creature_poseidon_miniboss_7_combat,,,,,,,,,,,
POSEIDON,38,creature_poseidon_miniboss_8_icon,creature_poseidon_miniboss_8_combat,,,,,,,,,,,
POSEIDON,39,creature_poseidon_miniboss_9_icon,creature_poseidon_miniboss_9_combat,,,,,,,,,,,
POSEIDON,40,creature_poseidon_miniboss_10_icon,creature_poseidon_miniboss_10_combat,,,,,,,,,,,
POSEIDON,41,creature_poseidon_miniboss_11_icon,creature_poseidon_miniboss_11_combat,,,,,,,,,,,
POSEIDON,42,creature_poseidon_miniboss_12_icon,creature_poseidon_miniboss_12_combat,,,,,,,,,,,
POSEIDON,43,creature_poseidon_miniboss_13_icon,creature_poseidon_miniboss_13_combat,,,,,,,,,,,
POSEIDON,44,creature_poseidon_miniboss_14_icon,creature_poseidon_miniboss_14_combat,,,,,,,,,,,
POSEIDON,45,creature_poseidon_miniboss_15_icon,creature_poseidon_miniboss_15_combat,,,,,,,,,,,
POSEIDON,46,creature_poseidon_miniboss_16_icon,creature_poseidon_miniboss_16_combat,,,,,,,,,,,
POSEIDON,47,creature_poseidon_miniboss_17_icon,creature_poseidon_miniboss_17_combat,,,,,,,,,,,
POSEIDON,48,creature_poseidon_miniboss_18_icon,creature_poseidon_miniboss_18_combat,,,,,,,,,,,
POSEIDON,49,creature_poseidon_miniboss_19_icon,creature_poseidon_miniboss_19_combat,,,,,,,,,,,
POSEIDON,50,creature_poseidon_miniboss_20_icon,creature_poseidon_miniboss_20_combat,,,,,,,,,,,
POSEIDON,51,creature_poseidon_boss_1_icon,creature_poseidon_boss_1_combat,,,,,,,,,,,
POSEIDON,52,creature_poseidon_boss_2_icon,creature_poseidon_boss_2_combat,,,,,,,,,,,
POSEIDON,53,creature_poseidon_boss_3_icon,creature_poseidon_boss_3_combat,,,,,,,,,,,
POSEIDON,54,creature_poseidon_boss_4_icon,creature_poseidon_boss_4_combat,,,,,,,,,,,
POSEIDON,55,creature_poseidon_boss_5_icon,creature_poseidon_boss_5_combat,,,,,,,,,,,
POSEIDON,56,creature_poseidon_boss_6_icon,creature_poseidon_boss_6_combat,,,,,,,,,,,
POSEIDON,57,creature_poseidon_boss_7_icon,creature_poseidon_boss_7_combat,,,,,,,,,,,
POSEIDON,58,creature_poseidon_boss_8_icon,creature_poseidon_boss_8_combat,,,,,,,,,,,
POSEIDON,59,creature_poseidon_boss_9_icon,creature_poseidon_boss_9_combat,,,,,,,,,,,
POSEIDON,60,creature_poseidon_boss_10_icon,creature_poseidon_boss_10_combat,,,,,,,,,,,
POSEIDON,61,creature_poseidon_ultimate_easy_icon,creature_poseidon_ultimate_easy_combat,,,,,,,,,,,
POSEIDON,62,creature_poseidon_ultimate_hard_icon,creature_poseidon_ultimate_hard_combat,,,,,,,,,,,
PROMETHEE,1,creature_promethee_basic_1_icon,creature_promethee_basic_1_combat,Spark Hound,basic,fast attacker,low triangular animal,quick dash attacks,,,,,,
PROMETHEE,2,creature_promethee_basic_2_icon,creature_promethee_basic_2_combat,Cloud Jelly,basic,annoying floater,round floating with tentacles,slow constant damage,,,,,,
PROMETHEE,3,creature_promethee_basic_3_icon,creature_promethee_basic_3_combat,Bolt Imp,basic,trickster,small spiky goblin,surprise attacks,,,,,,
PROMETHEE,4,creature_promethee_basic_4_icon,creature_promethee_basic_4_combat,Volt Ram,basic,charger,ram head big horns,frontal charge,,,,,,
PROMETHEE,5,creature_promethee_basic_5_icon,creature_promethee_basic_5_combat,Static Archer,elite,ranged,thin vertical humanoid,distance attacks,,,,,,
PROMETHEE,6,creature_promethee_basic_6_icon,creature_promethee_basic_6_combat,Thunder Sentinel,elite,tank,massive square,absorbs damage,,,,,,
PROMETHEE,7,creature_promethee_basic_7_icon,creature_promethee_basic_7_combat,Sky Serpent,elite,air control,long S shape,area attack,,,,,,
PROMETHEE,8,creature_promethee_basic_8_icon,creature_promethee_basic_8_combat,Storm Bringer,elite,area mage,humanoid aura,zone damage,,,,,,
PROMETHEE,9,creature_promethee_basic_9_icon,creature_promethee_basic_9_combat,Sky Tyrant,boss,dominant aerial,large wings V,pressure,,,,,,
PROMETHEE,10,creature_promethee_basic_10_icon,creature_promethee_basic_10_combat,Divine Avatar,boss ultimate,final form,exploding humanoid,complex patterns,,,,,,
PROMETHEE,11,creature_promethee_basic_11_icon,creature_promethee_basic_11_combat,,,,,,,,,,,
PROMETHEE,12,creature_promethee_basic_12_icon,creature_promethee_basic_12_combat,,,,,,,,,,,
PROMETHEE,13,creature_promethee_basic_13_icon,creature_promethee_basic_13_combat,,,,,,,,,,,
PROMETHEE,14,creature_promethee_basic_14_icon,creature_promethee_basic_14_combat,,,,,,,,,,,
PROMETHEE,15,creature_promethee_basic_15_icon,creature_promethee_basic_15_combat,,,,,,,,,,,
PROMETHEE,16,creature_promethee_basic_16_icon,creature_promethee_basic_16_combat,,,,,,,,,,,
PROMETHEE,17,creature_promethee_basic_17_icon,creature_promethee_basic_17_combat,,,,,,,,,,,
PROMETHEE,18,creature_promethee_basic_18_icon,creature_promethee_basic_18_combat,,,,,,,,,,,
PROMETHEE,19,creature_promethee_basic_19_icon,creature_promethee_basic_19_combat,,,,,,,,,,,
PROMETHEE,20,creature_promethee_basic_20_icon,creature_promethee_basic_20_combat,,,,,,,,,,,
PROMETHEE,21,creature_promethee_basic_21_icon,creature_promethee_basic_21_combat,,,,,,,,,,,
PROMETHEE,22,creature_promethee_basic_22_icon,creature_promethee_basic_22_combat,,,,,,,,,,,
PROMETHEE,23,creature_promethee_basic_23_icon,creature_promethee_basic_23_combat,,,,,,,,,,,
PROMETHEE,24,creature_promethee_basic_24_icon,creature_promethee_basic_24_combat,,,,,,,,,,,
PROMETHEE,25,creature_promethee_basic_25_icon,creature_promethee_basic_25_combat,,,,,,,,,,,
PROMETHEE,26,creature_promethee_basic_26_icon,creature_promethee_basic_26_combat,,,,,,,,,,,
PROMETHEE,27,creature_promethee_basic_27_icon,creature_promethee_basic_27_combat,,,,,,,,,,,
PROMETHEE,28,creature_promethee_basic_28_icon,creature_promethee_basic_28_combat,,,,,,,,,,,
PROMETHEE,29,creature_promethee_basic_29_icon,creature_promethee_basic_29_combat,,,,,,,,,,,
PROMETHEE,30,creature_promethee_basic_30_icon,creature_promethee_basic_30_combat,,,,,,,,,,,
PROMETHEE,31,creature_promethee_miniboss_1_icon,creature_promethee_miniboss_1_combat,,,,,,,,,,,
PROMETHEE,32,creature_promethee_miniboss_2_icon,creature_promethee_miniboss_2_combat,,,,,,,,,,,
PROMETHEE,33,creature_promethee_miniboss_3_icon,creature_promethee_miniboss_3_combat,,,,,,,,,,,
PROMETHEE,34,creature_promethee_miniboss_4_icon,creature_promethee_miniboss_4_combat,,,,,,,,,,,
PROMETHEE,35,creature_promethee_miniboss_5_icon,creature_promethee_miniboss_5_combat,,,,,,,,,,,
PROMETHEE,36,creature_promethee_miniboss_6_icon,creature_promethee_miniboss_6_combat,,,,,,,,,,,
PROMETHEE,37,creature_promethee_miniboss_7_icon,creature_promethee_miniboss_7_combat,,,,,,,,,,,
PROMETHEE,38,creature_promethee_miniboss_8_icon,creature_promethee_miniboss_8_combat,,,,,,,,,,,
PROMETHEE,39,creature_promethee_miniboss_9_icon,creature_promethee_miniboss_9_combat,,,,,,,,,,,
PROMETHEE,40,creature_promethee_miniboss_10_icon,creature_promethee_miniboss_10_combat,,,,,,,,,,,
PROMETHEE,41,creature_promethee_miniboss_11_icon,creature_promethee_miniboss_11_combat,,,,,,,,,,,
PROMETHEE,42,creature_promethee_miniboss_12_icon,creature_promethee_miniboss_12_combat,,,,,,,,,,,
PROMETHEE,43,creature_promethee_miniboss_13_icon,creature_promethee_miniboss_13_combat,,,,,,,,,,,
PROMETHEE,44,creature_promethee_miniboss_14_icon,creature_promethee_miniboss_14_combat,,,,,,,,,,,
PROMETHEE,45,creature_promethee_miniboss_15_icon,creature_promethee_miniboss_15_combat,,,,,,,,,,,
PROMETHEE,46,creature_promethee_miniboss_16_icon,creature_promethee_miniboss_16_combat,,,,,,,,,,,
PROMETHEE,47,creature_promethee_miniboss_17_icon,creature_promethee_miniboss_17_combat,,,,,,,,,,,
PROMETHEE,48,creature_promethee_miniboss_18_icon,creature_promethee_miniboss_18_combat,,,,,,,,,,,
PROMETHEE,49,creature_promethee_miniboss_19_icon,creature_promethee_miniboss_19_combat,,,,,,,,,,,
PROMETHEE,50,creature_promethee_miniboss_20_icon,creature_promethee_miniboss_20_combat,,,,,,,,,,,
PROMETHEE,51,creature_promethee_boss_1_icon,creature_promethee_boss_1_combat,,,,,,,,,,,
PROMETHEE,52,creature_promethee_boss_2_icon,creature_promethee_boss_2_combat,,,,,,,,,,,
PROMETHEE,53,creature_promethee_boss_3_icon,creature_promethee_boss_3_combat,,,,,,,,,,,
PROMETHEE,54,creature_promethee_boss_4_icon,creature_promethee_boss_4_combat,,,,,,,,,,,
PROMETHEE,55,creature_promethee_boss_5_icon,creature_promethee_boss_5_combat,,,,,,,,,,,
PROMETHEE,56,creature_promethee_boss_6_icon,creature_promethee_boss_6_combat,,,,,,,,,,,
PROMETHEE,57,creature_promethee_boss_7_icon,creature_promethee_boss_7_combat,,,,,,,,,,,
PROMETHEE,58,creature_promethee_boss_8_icon,creature_promethee_boss_8_combat,,,,,,,,,,,
PROMETHEE,59,creature_promethee_boss_9_icon,creature_promethee_boss_9_combat,,,,,,,,,,,
PROMETHEE,60,creature_promethee_boss_10_icon,creature_promethee_boss_10_combat,,,,,,,,,,,
PROMETHEE,61,creature_promethee_ultimate_easy_icon,creature_promethee_ultimate_easy_combat,,,,,,,,,,,
PROMETHEE,62,creature_promethee_ultimate_hard_icon,creature_promethee_ultimate_hard_combat,,,,,,,,,,,
ZEUS,1,creature_zeus_basic_1_icon,creature_zeus_basic_1_combat,Spark Hound,basic,fast attacker,low triangular animal,quick dash attacks,,,,,,
ZEUS,2,creature_zeus_basic_2_icon,creature_zeus_basic_2_combat,Cloud Jelly,basic,annoying floater,round floating with tentacles,slow constant damage,,,,,,
ZEUS,3,creature_zeus_basic_3_icon,creature_zeus_basic_3_combat,Bolt Imp,basic,trickster,small spiky goblin,surprise attacks,,,,,,
ZEUS,4,creature_zeus_basic_4_icon,creature_zeus_basic_4_combat,Volt Ram,basic,charger,ram head big horns,frontal charge,,,,,,
ZEUS,5,creature_zeus_basic_5_icon,creature_zeus_basic_5_combat,Static Archer,elite,ranged,thin vertical humanoid,distance attacks,,,,,,
ZEUS,6,creature_zeus_basic_6_icon,creature_zeus_basic_6_combat,Thunder Sentinel,elite,tank,massive square,absorbs damage,,,,,,
ZEUS,7,creature_zeus_basic_7_icon,creature_zeus_basic_7_combat,Sky Serpent,elite,air control,long S shape,area attack,,,,,,
ZEUS,8,creature_zeus_basic_8_icon,creature_zeus_basic_8_combat,Storm Bringer,elite,area mage,humanoid aura,zone damage,,,,,,
ZEUS,9,creature_zeus_basic_9_icon,creature_zeus_basic_9_combat,Sky Tyrant,boss,dominant aerial,large wings V,pressure,,,,,,
ZEUS,10,creature_zeus_basic_10_icon,creature_zeus_basic_10_combat,Divine Avatar,boss ultimate,final form,exploding humanoid,complex patterns,,,,,,
ZEUS,11,creature_zeus_basic_11_icon,creature_zeus_basic_11_combat,,,,,,,,,,,
ZEUS,12,creature_zeus_basic_12_icon,creature_zeus_basic_12_combat,,,,,,,,,,,
ZEUS,13,creature_zeus_basic_13_icon,creature_zeus_basic_13_combat,,,,,,,,,,,
ZEUS,14,creature_zeus_basic_14_icon,creature_zeus_basic_14_combat,,,,,,,,,,,
ZEUS,15,creature_zeus_basic_15_icon,creature_zeus_basic_15_combat,,,,,,,,,,,
ZEUS,16,creature_zeus_basic_16_icon,creature_zeus_basic_16_combat,,,,,,,,,,,
ZEUS,17,creature_zeus_basic_17_icon,creature_zeus_basic_17_combat,,,,,,,,,,,
ZEUS,18,creature_zeus_basic_18_icon,creature_zeus_basic_18_combat,,,,,,,,,,,
ZEUS,19,creature_zeus_basic_19_icon,creature_zeus_basic_19_combat,,,,,,,,,,,
ZEUS,20,creature_zeus_basic_20_icon,creature_zeus_basic_20_combat,,,,,,,,,,,
ZEUS,21,creature_zeus_basic_21_icon,creature_zeus_basic_21_combat,,,,,,,,,,,
ZEUS,22,creature_zeus_basic_22_icon,creature_zeus_basic_22_combat,,,,,,,,,,,
ZEUS,23,creature_zeus_basic_23_icon,creature_zeus_basic_23_combat,,,,,,,,,,,
ZEUS,24,creature_zeus_basic_24_icon,creature_zeus_basic_24_combat,,,,,,,,,,,
ZEUS,25,creature_zeus_basic_25_icon,creature_zeus_basic_25_combat,,,,,,,,,,,
ZEUS,26,creature_zeus_basic_26_icon,creature_zeus_basic_26_combat,,,,,,,,,,,
ZEUS,27,creature_zeus_basic_27_icon,creature_zeus_basic_27_combat,,,,,,,,,,,
ZEUS,28,creature_zeus_basic_28_icon,creature_zeus_basic_28_combat,,,,,,,,,,,
ZEUS,29,creature_zeus_basic_29_icon,creature_zeus_basic_29_combat,,,,,,,,,,,
ZEUS,30,creature_zeus_basic_30_icon,creature_zeus_basic_30_combat,,,,,,,,,,,
ZEUS,31,creature_zeus_miniboss_1_icon,creature_zeus_miniboss_1_combat,,,,,,,,,,,
ZEUS,32,creature_zeus_miniboss_2_icon,creature_zeus_miniboss_2_combat,,,,,,,,,,,
ZEUS,33,creature_zeus_miniboss_3_icon,creature_zeus_miniboss_3_combat,,,,,,,,,,,
ZEUS,34,creature_zeus_miniboss_4_icon,creature_zeus_miniboss_4_combat,,,,,,,,,,,
ZEUS,35,creature_zeus_miniboss_5_icon,creature_zeus_miniboss_5_combat,,,,,,,,,,,
ZEUS,36,creature_zeus_miniboss_6_icon,creature_zeus_miniboss_6_combat,,,,,,,,,,,
ZEUS,37,creature_zeus_miniboss_7_icon,creature_zeus_miniboss_7_combat,,,,,,,,,,,
ZEUS,38,creature_zeus_miniboss_8_icon,creature_zeus_miniboss_8_combat,,,,,,,,,,,
ZEUS,39,creature_zeus_miniboss_9_icon,creature_zeus_miniboss_9_combat,,,,,,,,,,,
ZEUS,40,creature_zeus_miniboss_10_icon,creature_zeus_miniboss_10_combat,,,,,,,,,,,
ZEUS,41,creature_zeus_miniboss_11_icon,creature_zeus_miniboss_11_combat,,,,,,,,,,,
ZEUS,42,creature_zeus_miniboss_12_icon,creature_zeus_miniboss_12_combat,,,,,,,,,,,
ZEUS,43,creature_zeus_miniboss_13_icon,creature_zeus_miniboss_13_combat,,,,,,,,,,,
ZEUS,44,creature_zeus_miniboss_14_icon,creature_zeus_miniboss_14_combat,,,,,,,,,,,
ZEUS,45,creature_zeus_miniboss_15_icon,creature_zeus_miniboss_15_combat,,,,,,,,,,,
ZEUS,46,creature_zeus_miniboss_16_icon,creature_zeus_miniboss_16_combat,,,,,,,,,,,
ZEUS,47,creature_zeus_miniboss_17_icon,creature_zeus_miniboss_17_combat,,,,,,,,,,,
ZEUS,48,creature_zeus_miniboss_18_icon,creature_zeus_miniboss_18_combat,,,,,,,,,,,
ZEUS,49,creature_zeus_miniboss_19_icon,creature_zeus_miniboss_19_combat,,,,,,,,,,,
ZEUS,50,creature_zeus_miniboss_20_icon,creature_zeus_miniboss_20_combat,,,,,,,,,,,
ZEUS,51,creature_zeus_boss_1_icon,creature_zeus_boss_1_combat,,,,,,,,,,,
ZEUS,52,creature_zeus_boss_2_icon,creature_zeus_boss_2_combat,,,,,,,,,,,
ZEUS,53,creature_zeus_boss_3_icon,creature_zeus_boss_3_combat,,,,,,,,,,,
ZEUS,54,creature_zeus_boss_4_icon,creature_zeus_boss_4_combat,,,,,,,,,,,
ZEUS,55,creature_zeus_boss_5_icon,creature_zeus_boss_5_combat,,,,,,,,,,,
ZEUS,56,creature_zeus_boss_6_icon,creature_zeus_boss_6_combat,,,,,,,,,,,
ZEUS,57,creature_zeus_boss_7_icon,creature_zeus_boss_7_combat,,,,,,,,,,,
ZEUS,58,creature_zeus_boss_8_icon,creature_zeus_boss_8_combat,,,,,,,,,,,
ZEUS,59,creature_zeus_boss_9_icon,creature_zeus_boss_9_combat,,,,,,,,,,,
ZEUS,60,creature_zeus_boss_10_icon,creature_zeus_boss_10_combat,,,,,,,,,,,
ZEUS,61,creature_zeus_ultimate_easy_icon,creature_zeus_ultimate_easy_combat,,,,,,,,,,,
ZEUS,62,creature_zeus_ultimate_hard_icon,creature_zeus_ultimate_hard_combat,,,,,,,,,,,
